"","begintime","endtime","coding","person","id"
"1",22285,22719,"Pointing Stim 1","1",1
"2",33864,34829,"G-Enactment","3",2
"3",36800,38861,"G-Pointing","2",3
"4",40069,41004,"Enactment Stim 1","2",4
"5",42500,43115,"Pointing Stim 1","1",5
"6",44165,47062,"Enactment Stim 4 (tabel)","2",6
"7",47062,48016,"Feature","3",7
"8",48411,48791,"Feature","3",8
"9",52115,53082,"Feature","1",9
"10",54514,55485,"Feature","1",10
"11",56686,56887,"G-Pointing","1",11
"12",57125,57220,"Pointing Stim 1","1",12
"13",57220,57720,"Feature","1",13
"14",58121,58621,"Feature","2",14
"15",61724,62050,"Pointing Stim 1","1",15
"16",62050,62871,"Feature","3",16
"17",63126,63960,"Pointing Stim 1","3",17
"18",64927,64928,"G-Point","""",18
"19",64928,66162,"Pointing Stim 1","3",19
"20",66863,67510,"Pointing Stim 1","3",20
"21",67783,67797,"G-Point","""",21
"22",67797,68298,"Feature","2",22
"23",75605,76406,"Feature","1",23
"24",76921,77921,"Feature","2",24
"25",78787,80243,"G-Pointing","2",25
"26",80243,80944,"Feature","1",26
"27",82512,82524,"Pointing Sti","""",27
"28",82524,82945,"G-Pointing","3",28
"29",84747,85715,"Function","3",29
"30",87058,88149,"Feature","3",30
"31",88778,89813,"Feature","3",31
"32",89843,90896,"G-Pointing","2",32
"33",96106,98121,"Feature","2",33
"34",98121,98161,"G-Pointing","1",34
"35",98161,99028,"Pointing Stim 1","1",35
"36",101297,103012,"G-Level 2 - middle","1",36
"37",103012,104684,"G-Pointing","1",37
"38",104934,107036,"G-Enactment","1",38
"39",107036,108805,"Pointing Stim 1","1",39
"40",109877,112842,"Function","1",40
"41",119415,121317,"Use Case Scenario","2",41
"42",128878,128925,"Use Case Scenario","2",42
"43",128925,130896,"Function","2",43
"44",134657,135304,"Use Case Scenario","2",44
"45",135304,143239,"G-Level 2 - middle","2",45
"46",143239,144474,"Pointing Stim 1","1",46
"47",145808,147210,"Pointing Stim 1","2",47
"48",151539,151619,"G-Pointing","2",48
"49",151619,152804,"Feature","2",49
"50",155785,156853,"Pointing Stim 1","2",50
"51",157429,158161,"G-Pointing","2",51
"52",158740,160565,"G-Level 2 - middle","2",52
"53",169432,170733,"Pointing Stim 1","2",53
"54",171534,178006,"G-Enactment","3",54
"55",178835,180143,"G-Level 2 - middle","2",55
"56",180143,182645,"Usability","2",56
"57",182823,184000,"G-Pointing","3",57
"58",186015,186783,"Pointing Stim 1","3",58
"59",187680,188339,"G-Level 2 - middle","3",59
"60",188351,193556,"Pointing Stim 1","1",60
"61",194223,195125,"Feature","2",61
"62",200964,202025,"Use Case Scenario","2",62
"63",202165,203199,"Use Case Scenario","2",63
"64",207706,209256,"G-Level 2 - middle","3",64
"65",212101,217331,"G-Level 3 - high","2",65
"66",222700,224008,"G-Pointing","1",66
"67",230955,231994,"G-Enactment","2",67
"68",231994,233723,"Enactment Stim 3","2",68
"69",234864,235598,"Pointing Stim 1","2",69
"70",239102,239368,"Pointing Stim 1","3",70
"71",242495,243720,"G-Pointing","3",71
"72",243773,244074,"Feature","3",72
"73",244835,245142,"Feature","3",73
"74",245421,245751,"Feature","3",74
"75",247512,248520,"G-Pointing","2",75
"76",250894,250899,"Pointing Sti","""",76
"77",250899,251711,"G-Pointing","3",77
"78",252482,255585,"Pointing Stim 1","1",78
"79",259666,261314,"G-Pointing","2",79
"80",263359,264360,"Pointing Stim 1","2",80
"81",264360,269999,"Feature","1",81
"82",276873,279475,"Feature","2",82
"83",289652,290987,"Feature","3",83
"84",293723,296095,"G-Level 1 - low","3",84
"85",296095,296693,"Feature","2",85
"86",302532,303066,"Feature","2",86
"87",303493,303966,"Feature","1",87
"88",304767,305368,"Feature","2",88
"89",305902,306583,"Feature","1",89
"90",311042,312029,"Core Functionality","1",90
"91",313576,314077,"Core Functionality","3",91
"92",314424,315127,"Core Functionality","1",92
"93",315411,316036,"Function","3",93
"94",316345,317013,"Core Functionality","3",94
"95",319615,320483,"Function","1",95
"96",323056,326722,"Enactment Stim 2","2",96
"97",329792,330894,"Function","1",97
"98",331694,333162,"Enactment Stim 1","2",98
"99",333516,335431,"Enactment Stim 3","2",99
"100",337934,338235,"Core Functionality","3",100
"101",338555,338736,"Core Functionality","3",101
"102",338935,339302,"Core Functionality","3",102
"103",342171,342504,"Core Functionality","3",103
"104",350663,351871,"sketching","2",104
"105",354575,355498,"G-Level 2 - middle","2",105
"106",356640,357326,"G-Level 2 - middle","2",106
"107",361958,363317,"Feature","2",107
"108",363317,364731,"sketching","2",108
"109",366195,367497,"Usability","2",109
"110",372001,375872,"Enactment Stim 2","1",110
"111",378228,381350,"G-Enactment","1",111
"112",385114,386349,"G-Level 3 - high","2",112
"113",389585,390987,"Enactment Stim 3","2",113
"114",393523,398775,"G-Enactment","3",114
"115",401531,403239,"Usability","1",115
"116",407794,412408,"writing","2",116
"117",412408,414244,"Usability","2",117
"118",421016,424288,"sketching","2",118
"119",426763,427521,"G-Pointing","3",119
"120",428568,434207,"Narrating while Drawing","1",120
"121",434207,434545,"G-Pointing","2",121
"122",446884,450213,"Enactment Stim 3","2",122
"123",451087,454512,"writing","2",123
"124",457759,458794,"Feature","3",124
"125",460356,463993,"Stimulus 3 touching","2",125
"126",469918,472760,"sketching","2",126
"127",472760,474204,"Feature","2",127
"128",479731,480036,"G-Enactment","1",128
"129",480036,481171,"Feature","1",129
"130",482235,482624,"G-Pointing","1",130
"131",483636,484072,"G-Pointing","3",131
"132",485849,487517,"Usability","2",132
"133",488518,490600,"Feature","2",133
"134",493059,496325,"Stimulus 3 touching","2",134
"135",496587,497550,"G-Enactment","3",135
"136",505301,507604,"Stimulus 2 touching","1",136
"137",509973,514944,"Usability","2",137
"138",515408,518977,"sketching","3",138
"139",518977,522385,"Use Case Scenario","1",139
"140",533830,535231,"Function","3",140
"141",537648,538629,"Function","3",141
"142",540423,541444,"Function","2",142
"143",542439,543273,"Function","3",143
"144",544090,544107,"G-Enactm","""",144
"145",544107,544603,"G-Level 1 - low","2",145
"146",545268,545769,"G-Level 1 - low","2",146
"147",546523,547163,"G-Enactment","1",147
"148",551354,552025,"G-Pointing","3",148
"149",557490,561851,"G-Level 1 - low","2",149
"150",564227,566599,"G-Level 3 - high","2",150
"151",569836,572235,"G-Level 1 - low","1",151
"152",572235,573199,"Usability","2",152
"153",577045,580310,"G-Enactment","2",153
"154",580310,581377,"Function","2",154
"155",583653,584771,"G-Level 1 - low","1",155
"156",586749,588084,"Function","1",156
"157",589015,589680,"G-Pointing","1",157
"158",596530,597942,"writing","1",158
"159",600158,601608,"writing","1",159
"160",605701,606068,"Pointing Stim 3","3",160
"161",606863,606936,"G-Pointing","3",161
"162",606936,607804,"Pointing Stim 3","3",162
"163",609372,609402,"Pointing Stim 3","3",163
"164",609402,610008,"G-Pointing","3",164
"165",612909,617246,"Enactment Stim 4 (tabel)","2",165
"166",617246,618657,"Function","2",166
"167",619048,622312,"Enactment Stim 4 (tabel)","2",167
"168",623785,625155,"Feature","2",168
"169",627156,628257,"Use Case Scenario","2",169
"170",631961,632695,"Enactment Stim 4 (tabel)","2",170
"171",632829,633463,"Pointing Stim 3","3",171
"172",634509,635488,"Function","3",172
"173",637030,638067,"Usability","3",173
"174",638899,640196,"G-Enactment","2",174
"175",642930,644777,"Use Case Scenario","2",175
"176",645429,646597,"Usability","1",176
"177",646709,648249,"Use Case Scenario","1",177
"178",650488,651476,"Usability","1",178
"179",656040,656855,"G-Pointing","1",179
"180",657931,662854,"sketching","1",180
"181",662854,663589,"G-Level 1 - low","1",181
"182",666240,668631,"Function","1",182
"183",671083,671334,"writing","3",183
"184",671334,672769,"Function","1",184
"185",672769,673403,"Function","2",185
"186",673740,675271,"Function","1",186
"187",677106,678068,"Feature","1",187
"188",680777,681028,"G-Enactment","1",188
"189",681466,681749,"G-Enactment","1",189
"190",683669,684826,"sketching","2",190
"191",688751,689118,"Pointing Stim 3","1",191
"192",703533,704198,"Function","3",192
"193",704198,704679,"G-Pointing","3",193
"194",705276,707246,"G-Level 2 - middle","3",194
"195",707392,707663,"G-Pointing","3",195
"196",708777,709072,"sketching","1",196
"197",713416,713920,"G-Pointing","3",197
"198",714677,715878,"Function","3",198
"199",718175,720144,"Use Case Scenario","2",199
"200",720144,721012,"Function","3",200
"201",723686,723697,"Pointing Stim 3","2",201
"202",723697,724198,"G-Pointing","2",202
"203",726956,728992,"sketching","2",203
"204",728992,730273,"Feature","3",204
"205",730352,731368,"Function","2",205
"206",733549,734728,"Feature","1",206
"207",735031,736166,"Feature","2",207
"208",737339,739566,"G-Level 2 - middle","2",208
"209",741630,741637,"G-Level 2 - mid","""",209
"210",741637,743606,"Function","2",210
"211",745041,745842,"Function","2",211
"212",745875,746543,"Function","1",212
"213",747443,748011,"Function","1",213
"214",749379,750607,"Feature","1",214
"215",751881,752949,"Use Case Scenario","1",215
"216",756309,759889,"writing","2",216
"217",760690,761925,"Function","1",217
"218",766927,770366,"G-Enactment","2",218
"219",770366,771267,"Function","1",219
"220",771367,772102,"Function","1",220
"221",773611,774221,"Function","1",221
"222",778579,782999,"Function","2",222
"223",783046,784814,"Function","2",223
"224",789166,790220,"Function","1",224
"225",794633,796326,"Stimulus 3 touching","2",225
"226",796326,798695,"Use Case Scena","""",226
"227",808538,809405,"Function","2",227
"228",809405,810774,"Function","2",228
"229",816380,818214,"Stimulus 3 touching","2",229
"230",818214,820517,"Function","3",230
"231",821351,821818,"Function","1",231
"232",829526,829959,"Function","2",232
"233",830239,830793,"Function","2",233
"234",832595,836733,"writing","3",234
"235",837932,840169,"G-Enactment","3",235
"236",840169,840770,"Function","1",236
"237",842205,843173,"Builds","1",237
"238",843173,843807,"Function","1",238
"239",846517,848338,"writing","3",239
"240",848511,849512,"Function","1",240
"241",849512,850151,"Function","1",241
"242",850447,851548,"Function","1",242
"243",852615,853650,"Core Functionality","3",243
"244",855118,857387,"Builds","3",244
"245",857833,858354,"G-Level 3 - high","3",245
"246",858354,859656,"Core Functionality","1",246
"247",859752,864436,"writing","2",247
"248",864804,866822,"G-Level 3 - high","2",248
"249",873030,873234,"G-Pointing","2",249
"250",874437,879838,"Builds","2",250
"251",881419,884021,"G-Enactment","2",251
"252",884021,886626,"Builds","2",252
"253",889252,889760,"Builds","2",253
"254",891187,893823,"G-Enactment","2",254
"255",893823,894968,"Function","2",255
"256",897540,899129,"Function","2",256
"257",906836,914911,"Use Case Scenario","1",257
"258",916079,917113,"Use Case Scenario","3",258
"259",924613,928825,"G-Enactment","2",259
"260",939234,943606,"G-Enactment","2",260
"261",943606,944607,"Core Functionality","3",261
"262",945108,946409,"Builds","2",262
"263",946409,948778,"Function","2",263
"264",949178,951581,"Core Functionality","1",264
"265",959155,960370,"Use Case Scenario","3",265
"266",960370,961658,"Core Functionality","3",266
"267",961791,962659,"Function","3",267
"268",968269,969206,"G-Level 2 - middle","3",268
"269",979015,979032,"G-Level 1 - low","1",269
"270",979032,979513,"G-Enactment","1",270
"271",985900,987884,"writing","2",271
"272",987884,988818,"Function","3",272
"273",988830,990232,"Core Functionality","3",273
"274",998261,999329,"Function","2",274
"275",1000096,1001865,"Feature","2",275
"276",1006247,1007871,"G-Level 3 - high","2",276
"277",1007871,1008738,"Function","2",277
"278",1011908,1013510,"Function","2",278
"279",1013510,1014144,"Function","2",279
"280",1016012,1017713,"Function","2",280
"281",1021930,1022578,"Function","3",281
"282",1023353,1024287,"Function","3",282
"283",1025221,1026589,"G-Level 2 - middle","3",283
"284",1026589,1027924,"Function","3",284
"285",1028512,1028725,"Function","3",285
"286",1028725,1031360,"Use Case Scenario","3",286
"287",1033029,1038802,"Builds","1",287
"288",1045783,1046840,"Function","1",288
"289",1049541,1051627,"Core Functionality","1",289
"290",1055012,1055551,"G-Level 3 - high","2",290
"291",1055551,1056352,"Feature","2",291
"292",1058588,1059508,"Function","2",292
"293",1061891,1062792,"Function","2",293
"294",1064594,1066068,"Function","2",294
"295",1066162,1066830,"Function","3",295
"296",1067530,1070305,"Feature","2",296
"297",1070727,1073489,"System","2",297
"298",1073636,1074259,"Function","2",298
"299",1074270,1074871,"Function","1",299
"300",1077840,1079611,"Function","3",300
"301",1080310,1081010,"Function","3",301
"302",1085248,1086543,"Function","3",302
"303",1086849,1087717,"Stimulus 3 touching","3",303
"304",1090453,1092021,"Stimulus 3 touching","3",304
"305",1099770,1102812,"G-Level 3 - high","1",305
"306",1108338,1109305,"Core Functionality","2",306
"307",1110246,1111288,"Function","1",307
"308",1111553,1114423,"Function","3",308
"309",1116312,1118648,"Core Functionality","1",309
"310",1119482,1121684,"Core Functionality","2",310
"311",1140770,1140826,"Pointing Stim 3","1",311
"312",1140826,1141892,"G-Pointing","1",312
"313",1144106,1146309,"Stimulus 3 touching","2",313
"314",1150751,1151848,"Core Functionality","2",314
"315",1158535,1159310,"G-Pointing","1",315
"316",1161524,1164494,"Core Functionality","2",316
"317",1168698,1171534,"Enactment Stim 2","2",317
"318",1182245,1184113,"Stimulus 3 touching","2",318
"319",1184113,1188275,"Core Functionality","2",319
"320",1190743,1192589,"Core Functionality","2",320
"321",1192589,1194791,"Core Functionality","2",321
"322",1195149,1196725,"G-Enactment","2",322
"323",1200363,1200477,"Stimulus 3 touching","2",323
"324",1200477,1201338,"G-Level 3 - high","2",324
"325",1202846,1204000,"Function","3",325
"326",1208574,1210421,"G-Level 2 - middle","1",326
"327",1217625,1222819,"G-Enactment","2",327
"328",1222819,1224791,"Function","2",328
"329",1226456,1227690,"Function","2",329
"330",1236216,1237318,"sketching","2",330
"331",1237500,1242264,"writing","2",331
"332",1242472,1243506,"sketching","2",332
"333",1243706,1245408,"writing","2",333
"334",1245599,1246084,"sketching","2",334
"335",1246161,1247613,"writing","2",335
"336",1250519,1252771,"sketching","3",336
"337",1253719,1254495,"sketching","2",337
"338",1254617,1255685,"Stimulus 3 touching","2",338
"339",1256656,1262025,"G-Level 1 - low","1",339
"340",1270911,1271832,"G-Level 2 - middle","2",340
"341",1271895,1274480,"G-Level 3 - high","2",341
"342",1279742,1280710,"Function","2",342
"343",1281711,1283046,"Function","2",343
"344",1285248,1285748,"Function","2",344
"345",1285748,1286349,"Function","2",345
"346",1286349,1286916,"Function","2",346
"347",1286916,1287650,"Function","2",347
"348",1287650,1289252,"Function","2",348
"349",1292321,1293556,"Stimulus 3 touching","3",349
"350",1295620,1300106,"G-Level 2 - middle","3",350
"351",1311770,1319182,"Stimulus 1 touching","2",351
"352",1319182,1320883,"Pointing Stim 1","2",352
"353",1330460,1330497,"Pointing Stim 1","2",353
"354",1330497,1331127,"G-Pointing","2",354
"355",1333881,1334670,"G-Pointing","2",355
"356",1336499,1338113,"Stimulus 3 touching","2",356
"357",22251,22612,"G-Pointing","1",357
"358",23136,29255,"G-Pointing","1",358
"359",36199,39102,"Function","2",359
"360",39102,40077,"Usability","2",360
"361",40077,41036,"G-Enactment","2",361
"362",43072,43840,"G-Pointing","1",362
"363",45828,49949,"G-Pointing","3",363
"364",52015,54184,"Pointing Stim 1","1",364
"365",56219,56753,"Feature","1",365
"366",57045,57379,"G-Pointing","1",366
"367",57821,58488,"G-Pointing","2",367
"368",59856,61746,"Use Case Scenario","2",368
"369",61746,62540,"G-Pointing","1",369
"370",63025,64560,"Enactment Stim 3","2",370
"371",64560,65361,"Feature","3",371
"372",66763,67197,"Feature","3",372
"373",67769,73736,"Pointing Stim 1","1",373
"374",73736,74804,"Feature","1",374
"375",76893,78326,"Pointing Stim 1","2",375
"376",78395,78808,"Feature","2",376
"377",78808,80509,"Pointing Stim 1","2",377
"378",81010,83246,"Usability","3",378
"379",83246,88284,"G-Enactment","3",379
"380",88284,88965,"Pointing Stim 1","3",380
"381",89819,90887,"Pointing Stim 1","2",381
"382",91554,93189,"Pointing Stim 1","1",382
"383",96659,99595,"Stimulus 1 touching","2",383
"384",99595,101898,"Pointing Stim 1","2",384
"385",102098,104300,"Feature","1",385
"386",104926,104967,"G-Level 2 - middle","1",386
"387",104967,107236,"Enactment Stim 1","1",387
"388",109857,112842,"Use Case Scenario","1",388
"389",122852,126355,"Use Case Scenario","2",389
"390",131160,132996,"Function","2",390
"391",134697,135264,"Pointing Stim 1","2",391
"392",137467,142498,"Function","2",392
"393",143239,144476,"G-Pointing","1",393
"394",147839,149579,"Function","1",394
"395",154451,157420,"Function","2",395
"396",157420,158121,"Pointing Stim 1","2",396
"397",158721,160609,"G-Enactment","2",397
"398",167608,169432,"Stimulus 1 touching","2",398
"399",169432,170753,"G-Pointing","2",399
"400",177846,178875,"Usability","3",400
"401",178875,182587,"G-Enactment","2",401
"402",182779,184013,"Pointing Stim 1","3",402
"403",184413,186795,"Pointing Stim 1","1",403
"404",186883,187548,"Feature","1",404
"405",187683,188315,"G-Enactment","3",405
"406",192916,193985,"Feature","1",406
"407",195525,198928,"Usability","2",407
"408",209905,210661,"G-Enactment","2",408
"409",214310,218348,"Function","2",409
"410",224454,225621,"Pointing Stim 1","2",410
"411",233839,237631,"Stimulus 1 touching","3",411
"412",237631,238562,"G-Pointing","3",412
"413",239635,240203,"Pointing Stim 1","2",413
"414",244281,244595,"Feature","3",414
"415",250113,251381,"Feature","3",415
"416",252315,259666,"Feature","1",416
"417",259666,261290,"Pointing Stim 1","2",417
"418",262133,263699,"Feature","2",418
"419",273169,276072,"Usability","2",419
"420",282578,290419,"Stimulus 2 touching","1",420
"421",290419,292188,"Pointing Stim 2","1",421
"422",309393,312408,"G-Enactment","2",422
"423",312408,313248,"Core Functionality","2",423
"424",315278,316078,"Use Case Scenario","3",424
"425",316078,317280,"Stimulus 1 touching","1",425
"426",321250,322118,"Function","1",426
"427",326590,329859,"Usability","2",427
"428",331394,331828,"Function","2",428
"429",331828,333196,"Stimulus 1 touching","2",429
"430",335924,338802,"Builds","3",430
"431",338802,347343,"Enactment Stim 2","3",431
"432",347343,352303,"Usability","2",432
"433",352303,355985,"Use Case Scenario","2",433
"434",355985,357296,"Feature","2",434
"435",357296,360129,"sketching","2",435
"436",364794,367530,"Enactment Stim 3","2",436
"437",367530,371116,"Feature","2",437
"438",372001,375872,"G-Enactment","1",438
"439",381377,384052,"Feature","3",439
"440",387484,388954,"G-Level 1 - low","1",440
"441",389853,393552,"Stimulus 1 touching","1",441
"442",393552,401358,"sketching","2",442
"443",405802,407432,"Stimulus 1 touching","1",443
"444",407794,416224,"sketching","2",444
"445",416224,424287,"Feature","2",445
"446",424287,428524,"writing","2",446
"447",428524,429459,"Stimulus 1 touching","1",447
"448",429459,430126,"Pointing Stim 3","2",448
"449",435197,437652,"G-Level 2 - middle","2",449
"450",438668,442005,"Usability","1",450
"451",442005,446884,"writing","2",451
"452",446884,450512,"G-Level 2 - middle","2",452
"453",456019,457654,"Function","3",453
"454",464441,468719,"G-Level 2 - middle","2",454
"455",474871,477237,"Usability","2",455
"456",478308,479816,"Builds","1",456
"457",479816,481684,"Stimulus 3 touching","2",457
"458",483375,483722,"Stimulus 3 touching","3",458
"459",484147,484580,"Stimulus 3 touching","3",459
"460",487049,488251,"Function","2",460
"461",490640,493556,"Function","2",461
"462",494257,495841,"Feature","2",462
"463",496325,497807,"Usability","3",463
"464",498194,505835,"Use Case Scenario","3",464
"465",505835,508304,"Enactment Stim 2","1",465
"466",508304,508738,"Pointing Stim 3","3",466
"467",510387,517013,"G-Level 2 - middle","2",467
"468",517013,518948,"Function","1",468
"469",524949,534530,"writing","2",469
"470",537932,541771,"Builds","2",470
"471",541771,543339,"Stimulus 3 touching","2",471
"472",543700,544607,"Function","2",472
"473",544607,546469,"Stimulus 3 touching","2",473
"474",546469,547063,"G-Level 1 - low","1",474
"475",547667,553516,"sketching","1",475
"476",553516,564226,"Use Case Scenario","2",476
"477",564226,564353,"G-Enactment","2",477
"478",564353,569867,"sketching","3",478
"479",569867,573436,"Builds","2",479
"480",573436,576172,"Function","1",480
"481",577074,581280,"G-Level 2 - middle","2",481
"482",583652,584745,"G-Enactment","1",482
"483",584745,586685,"Feature","1",483
"484",588985,589685,"Pointing Stim 1","1",484
"485",591373,604567,"Stimulus 3 touching","2",485
"486",604567,606443,"Use Case Scenario","3",486
"487",606484,608641,"writing","1",487
"488",608720,609620,"G-Level 1 - low","3",488
"489",610481,613042,"sketching","1",489
"490",613042,614043,"Stimulus 2 touching","2",490
"491",618948,620357,"Feature","2",491
"492",620683,622285,"Function","2",492
"493",625205,627132,"Function","2",493
"494",628378,632728,"Use Case Scenario","3",494
"495",632728,633263,"Stimulus 1 touching","3",495
"496",636366,637280,"G-Level 3 - high","3",496
"497",638635,639071,"Feature","3",497
"498",639071,640522,"G-Level 3 - high","2",498
"499",640670,645364,"G-Level 2 - middle","2",499
"500",645364,645762,"Narrating while Drawing","2",500
"501",645762,647562,"G-Enactment","1",501
"502",647562,649245,"writing","2",502
"503",649245,655033,"sketching","1",503
"504",655058,657396,"Feature","1",504
"505",657453,658333,"Use Case Scenario","1",505
"506",658333,664227,"sketching","2",506
"507",664227,665806,"sketching","1",507
"508",669386,670187,"Feature","2",508
"509",670233,673662,"Builds","2",509
"510",673662,675434,"G-Enactment","2",510
"511",675434,678307,"Stimulus 3 touching","2",511
"512",678307,680750,"Feature","2",512
"513",681344,682345,"Feature","1",513
"514",682345,684814,"Stimulus 3 touching","2",514
"515",684814,687831,"Usability","1",515
"516",693122,703366,"Stimulus 3 touching","2",516
"517",703533,705101,"Stimulus 3 touching","1",517
"518",705101,705320,"Use Case Scenario","3",518
"519",705320,707137,"G-Enactment","3",519
"520",707848,713570,"G-Level 2 - middle","3",520
"521",714677,715878,"Builds","3",521
"522",715878,717580,"Core Functionality","2",522
"523",719469,720286,"Function","2",523
"524",722452,725521,"Stimulus 3 touching","2",524
"525",725521,726022,"Pointing Stim 3","2",525
"526",727290,727924,"Function","2",526
"527",731394,733830,"Function","1",527
"528",736199,737967,"Function","2",528
"529",739975,741938,"Function","1",529
"530",746576,747461,"Function","1",530
"531",748044,748812,"Function","3",531
"532",750746,751848,"Usability","1",532
"533",754250,765240,"sketching","3",533
"534",765628,766779,"Function","2",534
"535",768871,775839,"Use Case Scenario","1",535
"536",775839,778517,"Feature","2",536
"537",781058,788293,"G-Level 2 - middle","2",537
"538",788957,791926,"Builds","1",538
"539",791926,793222,"Use Case Scenario","1",539
"540",795158,796326,"Function","1",540
"541",800963,817588,"Use Case Scenario","2",541
"542",817588,821639,"G-Enactment","3",542
"543",830921,832495,"G-Enactment","2",543
"544",834974,837496,"writing","2",544
"545",837932,840508,"G-Level 3 - high","3",545
"546",840698,841881,"G-Enactment","1",546
"547",845174,846627,"Function","1",547
"548",846676,848511,"Function","1",548
"549",852215,853681,"G-Level 3 - high","3",549
"550",854176,856205,"G-Level 3 - high","3",550
"551",856552,857833,"Use Case Scenario","1",551
"552",857833,860011,"G-Enactment","3",552
"553",864804,866731,"G-Enactment","2",553
"554",872242,874171,"Stimulus 3 touching","2",554
"555",874171,878994,"writing","2",555
"556",879142,881904,"Function","2",556
"557",881904,887611,"Stimulus 3 touching","3",557
"558",887611,888345,"Function","2",558
"559",890061,893229,"Function","2",559
"560",899395,900830,"Function","2",560
"561",910222,914031,"Builds","1",561
"562",924344,924613,"Use Case Scenario","1",562
"563",924613,928890,"G-Level 2 - middle","2",563
"564",939306,944808,"G-Level 3 - high","2",564
"565",944808,946409,"Core Functionality","2",565
"566",951581,953183,"Core Functionality","1",566
"567",959818,961790,"G-Enactment","3",567
"568",961790,962892,"Builds","3",568
"569",962892,968569,"writing","2",569
"570",970733,977082,"G-Enactment","3",570
"571",979572,984187,"sketching","2",571
"572",987460,990299,"G-Level 2 - middle","3",572
"573",994190,997455,"writing","3",573
"574",998661,1001865,"Enactment Stim 4 (tabel)","2",574
"575",1001865,1004300,"Function","2",575
"576",1019563,1020939,"Function","3",576
"577",1022585,1023353,"Function","2",577
"578",1024854,1025233,"Function","3",578
"579",1025233,1028291,"G-Enactment","3",579
"580",1028291,1031360,"Builds","3",580
"581",1031360,1043486,"Use Case Scenario","1",581
"582",1043486,1046876,"G-Enactment","1",582
"583",1046876,1049612,"Function","1",583
"584",1051581,1063229,"System","2",584
"585",1063292,1064520,"Function","2",585
"586",1066830,1067464,"Function","2",586
"587",1070727,1071768,"Core Functionality","2",587
"588",1074270,1074871,"Use Case Scenario","1",588
"589",1074871,1075939,"Function","1",589
"590",1079642,1080284,"Function","3",590
"591",1081544,1082294,"Function","2",591
"592",1092474,1109305,"Stimulus 3 touching","2",592
"593",1109305,1110173,"Core Functionality","1",593
"594",1138034,1140603,"Pointing Stim 3","1",594
"595",1143372,1145641,"Stimulus 1 touching","2",595
"596",1154126,1157489,"G-Level 1 - low","1",596
"597",1167730,1169065,"Core Functionality","2",597
"598",1180176,1183513,"Core Functionality","2",598
"599",1195149,1196632,"G-Level 2 - middle","2",599
"600",1198952,1200307,"G-Level 2 - middle","2",600
"601",1204133,1206366,"G-Enactment","2",601
"602",1208588,1213263,"G-Enactment","1",602
"603",1217635,1222012,"G-Level 3 - high","2",603
"604",1231627,1247824,"Stimulus 3 touching","2",604
"605",1247824,1248339,"sketching","2",605
"606",1253315,1254198,"G-Enactment","2",606
"607",1256452,1261191,"Stimulus 2 touching","1",607
"608",1262025,1267744,"G-Level 3 - high","1",608
"609",1276052,1280743,"G-Level 3 - high","2",609
"610",1280743,1281444,"Function","3",610
"611",1284807,1290210,"G-Enactment","2",611
"612",1293589,1306135,"Stimulus 2 touching","1",612
"613",1306135,1313984,"Stimulus 3 touching","2",613
"614",1313984,1315816,"G-Pointing","2",614
"615",1321584,1325521,"Pointing Stim 1","2",615
"616",1332256,1333821,"G-Enactment","2",616
"617",23166,29258,"Pointing Stim 1","1",617
"618",36733,38797,"Pointing Stim 1","2",618
"619",40184,41072,"G-Level 2 - middle","2",619
"620",43072,43840,"Pointing Stim 1","1",620
"621",45828,46643,"Feature","2",621
"622",52031,54227,"G-Pointing","1",622
"623",56653,56853,"Pointing Stim 1","1",623
"624",57829,58478,"Pointing Stim 1","2",624
"625",61900,63123,"G-Level 2 - middle","2",625
"626",63123,63962,"G-Pointing","3",626
"627",66839,67530,"G-Pointing","3",627
"628",74316,75874,"Pointing Stim 1","1",628
"629",76919,78281,"G-Pointing","2",629
"630",79323,79850,"Feature","1",630
"631",83279,88312,"Enactment Stim 1","3",631
"632",88312,88971,"G-Pointing","3",632
"633",91611,93240,"G-Pointing","1",633
"634",97166,98422,"G-Pointing","2",634
"635",99632,101875,"G-Pointing","2",635
"636",102999,104701,"Pointing Stim 1","1",636
"637",107022,108846,"G-Pointing","1",637
"638",123820,131189,"G-Enactment","2",638
"639",131494,132728,"Pointing Stim 1","2",639
"640",134697,135298,"G-Pointing","2",640
"641",138997,141608,"Usability","2",641
"642",143940,144852,"Function","2",642
"643",147839,149609,"Feature","1",643
"644",155785,156853,"G-Pointing","2",644
"645",158721,160623,"Enactment Stim 3","2",645
"646",169465,170708,"Feature","2",646
"647",177953,180143,"Stimulus 1 touching","1",647
"648",180143,182645,"Feature","2",648
"649",184441,186800,"G-Pointing","1",649
"650",186903,187683,"Usability","1",650
"651",187683,188317,"Enactment Stim 1","3",651
"652",193790,194957,"Pointing Stim 1","2",652
"653",197332,203199,"G-Enactment","2",653
"654",203199,204734,"Use Case Scenario","3",654
"655",204901,208738,"Usability","3",655
"656",209940,210664,"G-Level 2 - middle","2",656
"657",217885,224499,"Stimulus 1 touching","2",657
"658",224499,225641,"G-Pointing","2",658
"659",233963,235665,"Use Case Scenario","3",659
"660",237633,238534,"Pointing Stim 1","3",660
"661",239649,240176,"G-Pointing","2",661
"662",244340,246136,"Pointing Stim 1","3",662
"663",246136,246372,"Feature","3",663
"664",247510,248544,"Pointing Stim 1","2",664
"665",252471,255617,"G-Pointing","1",665
"666",263343,264322,"G-Pointing","2",666
"667",274804,279242,"Enactment Stim 1","2",667
"668",285948,290430,"Stimulus 1 touching","1",668
"669",290430,292206,"G-Pointing","1",669
"670",298761,299996,"Feature","1",670
"671",300308,309405,"Builds","1",671
"672",309405,312609,"Enactment Stim 2","2",672
"673",321884,326440,"Use Case Scenario","2",673
"674",327757,331961,"Enactment Stim 2","2",674
"675",331961,338832,"Use Case Scenario","2",675
"676",338832,347343,"Stimulus 2 touching","3",676
"677",347343,352375,"Feature","2",677
"678",352375,355985,"Function","2",678
"679",355985,359789,"Usability","2",679
"680",359789,362025,"Enactment Stim 3","2",680
"681",364853,367885,"G-Enactment","2",681
"682",367885,372001,"sketching","2",682
"683",372001,375872,"G-Level 1 - low","3",683
"684",382044,383913,"Stimulus 1 touching","1",684
"685",387525,388923,"G-Enactment","1",685
"686",406128,410973,"Stimulus 3 touching","2",686
"687",410973,412408,"Feature","2",687
"688",426756,427490,"Pointing Stim 3","3",688
"689",429480,430112,"G-Pointing","2",689
"690",435205,437633,"Enactment Stim 3","2",690
"691",439335,442103,"Enactment Stim 3","1",691
"692",442245,450050,"Stimulus 3 touching","2",692
"693",450480,452148,"Function","2",693
"694",456886,458125,"G-Level 1 - low","3",694
"695",464494,468739,"G-Enactment","2",695
"696",475833,478979,"G-Level 2 - middle","2",696
"697",479007,480034,"Usability","1",697
"698",480034,481817,"sketching","2",698
"699",484572,485593,"Usability","2",699
"700",487483,488651,"Use Case Scenario","3",700
"701",494386,496325,"sketching","2",701
"702",496325,501679,"Builds","3",702
"703",501679,505835,"G-Level 2 - middle","3",703
"704",505835,508351,"G-Enactment","1",704
"705",508351,508741,"G-Pointing","3",705
"706",510388,517039,"G-Enactment","2",706
"707",528925,535231,"Usability","3",707
"708",536422,539456,"G-Level 2 - middle","3",708
"709",539669,541791,"G-Level 2 - middle","2",709
"710",541791,542601,"Function","2",710
"711",545259,545739,"G-Enactment","2",711
"712",557429,561982,"G-Enactment","2",712
"713",567192,569867,"Narrating while Drawing","3",713
"714",569867,573016,"G-Enactment","2",714
"715",573436,576172,"Usability","1",715
"716",578641,580150,"Function","2",716
"717",585348,592010,"Stimulus 3 touching","2",717
"718",592026,595951,"writing","1",718
"719",605675,606062,"G-Pointing","3",719
"720",608725,609622,"G-Enactment","3",720
"721",610646,613818,"Usability","2",721
"722",613946,615898,"Use Case Scenario","2",722
"723",621111,627056,"sketching","1",723
"724",627056,627657,"Enactment Stim 4 (tabel)","2",724
"725",632829,633329,"Stimulus 3 touching","3",725
"726",636396,637434,"G-Enactment","3",726
"727",639071,642071,"Builds","2",727
"728",642071,645508,"Function","2",728
"729",645762,646709,"G-Level 1 - low","1",729
"730",647677,650447,"Feature","1",730
"731",656018,656853,"Pointing Stim 3","1",731
"732",659277,662629,"sketching","3",732
"733",664760,666220,"Feature","1",733
"734",669899,672024,"writing","2",734
"735",673669,675911,"G-Level 1 - low","2",735
"736",675911,678508,"sketching","2",736
"737",678508,679409,"Stimulus 1 touching","1",737
"738",681459,681722,"G-Level 1 - low","1",738
"739",683079,684280,"Feature","1",739
"740",687227,687791,"G-Level 2 - middle","1",740
"741",693456,696726,"Stimulus 1 touching","1",741
"742",704133,704667,"Pointing Stim 3","3",742
"743",706116,707848,"sketching","1",743
"744",707848,710607,"G-Enactment","3",744
"745",713409,713910,"Pointing Stim 3","3",745
"746",719816,722522,"G-Level 3 - high","3",746
"747",725537,726022,"G-Pointing","2",747
"748",727597,737333,"Narrating while Drawing","2",748
"749",737333,738267,"Enactment Stim 4 (tabel)","2",749
"750",740637,743906,"Builds","1",750
"751",743906,744228,"Function","2",751
"752",744340,745041,"Function","1",752
"753",748211,751491,"Stimulus 3 touching","2",753
"754",751491,753020,"Builds","3",754
"755",766120,768965,"Builds","2",755
"756",768965,770033,"Function","2",756
"757",772346,772713,"Function","1",757
"758",776913,780997,"sketching","2",758
"759",781191,788211,"G-Enactment","2",759
"760",791980,793081,"Function","1",760
"761",795158,796326,"Use Case Scenario","1",761
"762",802998,811374,"Builds","2",762
"763",811374,812377,"Function","2",763
"764",815757,817369,"G-Enactment","1",764
"765",817674,821664,"G-Level 2 - middle","3",765
"766",821858,822589,"Function","3",766
"767",827160,830938,"Builds","2",767
"768",830938,832426,"G-Level 2 - middle","2",768
"769",835164,837419,"Function","1",769
"770",838792,840703,"Stimulus 3 touching","2",770
"771",840703,841942,"G-Level 3 - high","1",771
"772",845174,848478,"Use Case Scenario","1",772
"773",848478,852215,"Stimulus 3 touching","2",773
"774",852215,853697,"G-Enactment","3",774
"775",854183,856193,"G-Enactment","3",775
"776",856552,857403,"Function","1",776
"777",858254,859722,"Use Case Scenario","1",777
"778",873002,873236,"Pointing Stim 3","2",778
"779",879142,883162,"Use Case Scenario","2",779
"780",883162,886381,"writing","3",780
"781",888140,888853,"Builds","2",781
"782",890257,895091,"Builds","2",782
"783",895091,896392,"Function","2",783
"784",896394,899629,"G-Level 3 - high","2",784
"785",900123,909097,"Stimulus 3 touching","2",785
"786",911901,925735,"Core Functionality","1",786
"787",928691,943172,"Use Case Scenario","1",787
"788",943172,943873,"Core Functionality","2",788
"789",951749,955485,"Builds","1",789
"790",959889,966262,"G-Level 2 - middle","3",790
"791",966262,969232,"Feature","3",791
"792",970761,977098,"G-Level 1 - low","3",792
"793",980977,987460,"Use Case Scenario","1",793
"794",987460,990360,"G-Enactment","3",794
"795",996315,997894,"Function","2",795
"796",998692,1003633,"G-Level 2 - middle","2",796
"797",1003633,1004033,"Stimulus 3 touching","2",797
"798",1008738,1010273,"Function","2",798
"799",1019563,1023060,"Use Case Scenario","3",799
"800",1023060,1025922,"writing","2",800
"801",1025922,1026589,"Function","2",801
"802",1043499,1047741,"G-Level 3 - high","1",802
"803",1053069,1054859,"G-Level 2 - middle","2",803
"804",1056352,1057787,"Function","2",804
"805",1063333,1066830,"Use Case Scenario","2",805
"806",1066830,1074770,"Builds","2",806
"807",1075220,1078878,"G-Level 3 - high","1",807
"808",1079698,1080842,"G-Level 2 - middle","3",808
"809",1082278,1083012,"Function","2",809
"810",1089218,1090152,"Stimulus 3 touching","3",810
"811",1092522,1108760,"sketching","2",811
"812",1109305,1118997,"writing","2",812
"813",1138050,1140600,"G-Pointing","1",813
"814",1154127,1157428,"G-Enactment","1",814
"815",1168690,1171572,"G-Enactment","2",815
"816",1181417,1184232,"G-Level 2 - middle","2",816
"817",1188451,1190687,"Core Functionality","2",817
"818",1198952,1201438,"G-Enactment","2",818
"819",1201438,1202255,"G-Level 2 - middle","2",819
"820",1204160,1206329,"G-Level 2 - middle","2",820
"821",1210642,1213263,"G-Level 3 - high","1",821
"822",1220717,1221985,"Function","2",822
"823",1248244,1253336,"Stimulus 3 touching","2",823
"824",1253336,1254257,"G-Level 2 - middle","2",824
"825",1256656,1264293,"G-Enactment","1",825
"826",1264293,1264927,"Stimulus 3 touching","3",826
"827",1276098,1281183,"G-Enactment","2",827
"828",1281183,1284814,"Builds","2",828
"829",1284814,1290399,"G-Level 3 - high","2",829
"830",1295620,1299968,"G-Enactment","3",830
"831",1314010,1315778,"Pointing Stim 1","2",831
"832",1321595,1325526,"G-Pointing","2",832
"833",1332256,1333830,"Enactment Stim 1","2",833
"834",1373136,1373903,"Stimulus 3 touching","3",834
"835",33830,34797,"Enactment Stim 1","3",835
"836",41628,44107,"Function","2",836
"837",44107,45875,"G-Level 2 - middle","2",837
"838",45875,49979,"Pointing Stim 1","3",838
"839",61902,64730,"G-Enactment","2",839
"840",74336,75896,"G-Pointing","1",840
"841",83298,92143,"G-Level 2 - middle","3",841
"842",94370,96534,"G-Level 2 - middle","2",842
"843",97193,98428,"Pointing Stim 1","2",843
"844",101197,103399,"Enactment Stim 1","1",844
"845",123820,131225,"G-Level 2 - middle","2",845
"846",131526,132769,"G-Pointing","2",846
"847",135298,139535,"G-Enactment","2",847
"848",139535,143473,"Enactment Stim 3","2",848
"849",145308,147310,"Function","2",849
"850",150180,154451,"Usability","2",850
"851",170733,175850,"Usability","3",851
"852",178341,182578,"Pointing Stim 1","1",852
"853",186015,186783,"G-Pointing","3",853
"854",187077,187735,"G-Pointing","1",854
"855",188012,188602,"Feature","1",855
"856",193812,194964,"G-Pointing","2",856
"857",197332,203986,"G-Level 3 - high","2",857
"858",204901,208765,"Function","3",858
"859",210028,216646,"Use Case Scenario","2",859
"860",222685,223986,"Pointing Stim 1","1",860
"861",229626,233229,"Function","2",861
"862",233997,235832,"Function","2",862
"863",239102,239368,"G-Pointing","3",863
"864",242472,243673,"Pointing Stim 1","3",864
"865",244361,246486,"G-Pointing","3",865
"866",274808,279278,"G-Enactment","2",866
"867",288751,289952,"Pointing Stim 2","3",867
"868",293656,300396,"Enactment Stim 2","3",868
"869",309476,322459,"G-Level 1 - low","2",869
"870",323056,337192,"G-Enactment","2",870
"871",338893,348052,"G-Level 1 - low","3",871
"872",348052,354575,"Stimulus 3 touching","3",872
"873",354575,355386,"G-Enactment","2",873
"874",356552,357153,"Enactment Stim 3","2",874
"875",359810,362022,"G-Enactment","2",875
"876",364853,368103,"G-Level 1 - low","2",876
"877",371601,378173,"Stimulus 2 touching","3",877
"878",378173,381453,"G-Level 1 - low","1",878
"879",384514,387383,"Feature","2",879
"880",389568,390984,"G-Level 1 - low","2",880
"881",392288,394280,"Stimulus 3 touching","2",881
"882",394280,406736,"Builds","3",882
"883",406736,426613,"sketching","1",883
"884",433563,435205,"sketching","3",884
"885",435205,437662,"G-Enactment","2",885
"886",439360,442074,"G-Enactment","1",886
"887",445475,448812,"Feature","2",887
"888",450513,454818,"Stimulus 3 touching","2",888
"889",456901,457990,"G-Enactment","3",889
"890",464547,475851,"Narrating while Drawing","2",890
"891",475851,479117,"G-Enactment","2",891
"892",479642,483288,"G-Level 2 - middle","1",892
"893",485378,492489,"G-Level 2 - middle","2",893
"894",496092,496587,"Feature","3",894
"895",496587,497594,"G-Level 2 - middle","3",895
"896",501686,505835,"G-Enactment","3",896
"897",505835,509105,"G-Level 2 - middle","1",897
"898",509973,514533,"Builds","2",898
"899",514533,517039,"sketching","1",899
"900",517039,518905,"Usability","1",900
"901",529671,535932,"Builds","3",901
"902",536422,539475,"G-Enactment","3",902
"903",539922,542910,"G-Enactment","2",903
"904",547830,568464,"Stimulus 3 touching","1",904
"905",568464,570266,"Usability","1",905
"906",570400,574615,"scaffolds","2",906
"907",574615,576946,"writing","3",907
"908",595236,609139,"sketching","2",908
"909",609139,610540,"Function","3",909
"910",612418,632662,"G-Level 2 - middle","2",910
"911",632829,633463,"G-Pointing","3",911
"912",639769,642897,"Usability","2",912
"913",646676,662854,"Stimulus 3 touching","2",913
"914",662854,663506,"G-Enactment","1",914
"915",665953,666282,"G-Pointing","1",915
"916",677046,680365,"Builds","1",916
"917",680365,681690,"Narrating while Drawing","2",917
"918",683222,686990,"G-Level 1 - low","1",918
"919",687938,692806,"Stimulus 3 touching","2",919
"920",694570,703342,"sketching","3",920
"921",707370,707670,"Pointing Stim 3","3",921
"922",708438,713977,"Usability","3",922
"923",716921,719816,"G-Level 2 - middle","2",923
"924",725888,728416,"Stimulus 3 touching","2",924
"925",728416,730463,"G-Level 2 - middle","3",925
"926",737339,739481,"G-Enactment","2",926
"927",740682,744550,"Narrating while Drawing","2",927
"928",744550,748845,"G-Enactment","1",928
"929",748845,758919,"sketching","2",929
"930",766927,768565,"Function","2",930
"931",770063,776915,"Stimulus 3 touching","3",931
"932",776915,784643,"Narrating while Drawing","2",932
"933",793389,795158,"Function","1",933
"934",795158,802908,"writing","2",934
"935",804723,814641,"G-Enactment","2",935
"936",815757,817482,"G-Level 2 - middle","1",936
"937",817881,828776,"writing","2",937
"938",828776,829594,"Function","2",938
"939",832118,837500,"Stimulus 3 touching","2",939
"940",837500,839179,"Function","3",940
"941",839179,840742,"writing","2",941
"942",840742,842505,"Use Case Scenario","1",942
"943",845905,851347,"G-Level 3 - high","1",943
"944",852333,854450,"writing","2",944
"945",854450,855518,"Core Functionality","3",945
"946",857287,858354,"Function","3",946
"947",881106,883279,"Builds","2",947
"948",883279,887318,"Core Functionality","2",948
"949",888660,889527,"Function","2",949
"950",890453,893156,"Use Case Scenario","2",950
"951",896492,900864,"Use Case Scenario","2",951
"952",902010,905425,"writing","2",952
"953",928691,937934,"Core Functionality","1",953
"954",952969,968269,"Stimulus 3 touching","2",954
"955",968269,969337,"G-Enactment","3",955
"956",975384,978141,"sketching","2",956
"957",982153,990752,"Builds","1",957
"958",997393,998700,"Builds","2",958
"959",998700,1005868,"G-Enactment","2",959
"960",1005868,1017643,"Use Case Scenario","2",960
"961",1019770,1027803,"Builds","3",961
"962",1053069,1074601,"G-Enactment","2",962
"963",1075220,1078961,"G-Enactment","1",963
"964",1079701,1080747,"G-Enactment","3",964
"965",1083045,1084747,"Function","3",965
"966",1099770,1102748,"G-Enactment","1",966
"967",1138267,1143039,"Stimulus 3 touching","1",967
"968",1155137,1168690,"Stimulus 2 touching","2",968
"969",1168690,1171674,"G-Level 2 - middle","2",969
"970",1181427,1184247,"Enactment Stim 4 (tabel)","2",970
"971",1199429,1201697,"Enactment Stim 4 (tabel)","2",971
"972",1205034,1206169,"Function","2",972
"973",1216913,1222159,"Use Case Scenario","2",973
"974",1222159,1226287,"G-Level 2 - middle","2",974
"975",1248845,1251881,"G-Pointing","3",975
"976",1256656,1261191,"Enactment Stim 2","1",976
"977",1268131,1270855,"G-Level 3 - high","2",977
"978",1276895,1281210,"Use Case Scenario","2",978
"979",1281210,1281945,"Function","2",979
"980",1319181,1320878,"G-Pointing","2",980
"981",1329859,1332256,"Stimulus 3 touching","2",981
"982",1332256,1333918,"G-Level 2 - middle","2",982
"983",33858,34734,"G-Level 2 - middle","3",983
"984",42461,43107,"G-Pointing","1",984
"985",44165,47606,"G-Enactment","2",985
"986",83383,94370,"Stimulus 1 touching","2",986
"987",94370,96575,"G-Enactment","2",987
"988",97960,101226,"Usability","2",988
"989",101226,103369,"G-Enactment","1",989
"990",123853,131194,"Enactment Stim 3","2",990
"991",131920,135304,"Stimulus 1 touching","2",991
"992",135304,139535,"Enactment Stim 1","2",992
"993",141871,145775,"Use Case Scenario","2",993
"994",145775,147215,"G-Pointing","2",994
"995",151514,152014,"Pointing Stim 1","2",995
"996",171480,178007,"G-Level 2 - middle","3",996
"997",178374,182584,"G-Pointing","1",997
"998",187083,187717,"Pointing Stim 1","1",998
"999",188344,193585,"G-Pointing","1",999
"1000",207706,209127,"G-Enactment","3",1000
"1001",212027,217462,"G-Enactment","2",1001
"1002",230915,233839,"G-Level 2 - middle","2",1002
"1003",234864,235598,"G-Pointing","2",1003
"1004",274808,279445,"G-Level 2 - middle","2",1004
"1005",288785,289953,"G-Pointing","3",1005
"1006",293723,300399,"G-Enactment","3",1006
"1007",323056,337281,"G-Level 2 - middle","2",1007
"1008",338893,348868,"G-Enactment","3",1008
"1009",349742,356560,"Narrating while Drawing","2",1009
"1010",356560,357238,"G-Enactment","2",1010
"1011",359810,362107,"G-Level 2 - middle","2",1011
"1012",372001,373336,"Feature","3",1012
"1013",385114,386349,"G-Enactment","2",1013
"1014",389569,390985,"G-Enactment","2",1014
"1015",393523,398774,"G-Level 1 - low","3",1015
"1016",401531,403199,"Function","1",1016
"1017",407426,421297,"sketching","3",1017
"1018",434197,434530,"Pointing Stim 3","2",1018
"1019",439363,442047,"G-Level 2 - middle","1",1019
"1020",446884,450138,"G-Enactment","2",1020
"1021",457553,459989,"Stimulus 3 touching","2",1021
"1022",469743,476831,"Stimulus 3 touching","2",1022
"1023",477407,479009,"Feature","2",1023
"1024",479709,481811,"Enactment Stim 3","1",1024
"1025",485435,492423,"G-Enactment","2",1025
"1026",504067,506035,"Feature","3",1026
"1027",507169,509973,"Narrating while Drawing","2",1027
"1028",509973,514944,"Function","2",1028
"1029",515213,516225,"Feature","2",1029
"1030",517080,520165,"writing","2",1030
"1031",530246,537600,"Narrating while Drawing","3",1031
"1032",537600,540036,"Usability","2",1032
"1033",551280,552014,"Pointing Stim 3","3",1033
"1034",569799,571100,"Enactment Stim 3","2",1034
"1035",572235,576048,"sketching","1",1035
"1036",576439,584770,"Use Case Scenario","2",1036
"1037",609215,611755,"writing","2",1037
"1038",612418,632670,"G-Enactment","2",1038
"1039",646709,648945,"G-Level 2 - middle","1",1039
"1040",665962,666295,"Pointing Stim 3","1",1040
"1041",680777,680972,"G-Level 2 - middle","1",1041
"1042",683222,687810,"G-Enactment","1",1042
"1043",688737,689093,"G-Pointing","1",1043
"1044",701832,708438,"Narrating while Drawing","3",1044
"1045",708438,714003,"Function","3",1045
"1046",716921,722609,"G-Enactment","2",1046
"1047",726818,728416,"Builds","2",1047
"1048",728416,730527,"G-Enactment","3",1048
"1049",741630,743529,"G-Enactment","1",1049
"1050",744550,748994,"G-Level 3 - high","1",1050
"1051",748994,752836,"writing","2",1051
"1052",766927,770344,"G-Level 3 - high","2",1052
"1053",770344,777307,"sketching","3",1053
"1054",777307,785628,"Builds","2",1054
"1055",793389,795158,"Use Case Scenario","1",1055
"1056",795425,804801,"writing","3",1056
"1057",804801,814688,"G-Level 3 - high","2",1057
"1058",816112,818151,"Function","3",1058
"1059",832167,833895,"writing","2",1059
"1060",837836,839179,"Builds","3",1060
"1061",839773,841082,"Builds","1",1061
"1062",842145,842839,"Function","3",1062
"1063",845905,851450,"G-Enactment","1",1063
"1064",855084,855952,"System","3",1064
"1065",857620,858421,"System","3",1065
"1066",881414,883281,"G-Level 2 - middle","2",1066
"1067",883682,888972,"G-Level 3 - high","2",1067
"1068",891187,896149,"G-Level 2 - middle","2",1068
"1069",903544,909030,"writing","3",1069
"1070",934859,944228,"Builds","2",1070
"1071",954745,966220,"sketching","2",1071
"1072",975855,984417,"Stimulus 3 touching","3",1072
"1073",984417,987733,"Function","1",1073
"1074",997960,999228,"Stimulus 3 touching","2",1074
"1075",1005900,1007570,"Feature","2",1075
"1076",1021217,1051808,"Stimulus 3 touching","2",1076
"1077",1053731,1061858,"Builds","2",1077
"1078",1079701,1083820,"Builds","3",1078
"1079",1084347,1086264,"Feature","2",1079
"1080",1140102,1142071,"Stimulus 1 touching","2",1080
"1081",1158488,1159322,"Pointing Stim 3","1",1081
"1082",1181427,1184290,"G-Enactment","2",1082
"1083",1200089,1201364,"Function","2",1083
"1084",1205601,1212203,"System","1",1084
"1085",1216913,1219215,"Function","2",1085
"1086",1248845,1251881,"Pointing Stim 3","3",1086
"1087",1268138,1274366,"G-Enactment","2",1087
"1088",1329892,1333863,"Stimulus 1 touching","2",1088
"1089",1333863,1334664,"Pointing Stim 1","2",1089
